<?xml version="1.0"?>
<doc>
    <assembly>
        <name>BOM.API</name>
    </assembly>
    <members>
        <member name="M:BOM.API.Controllers.Admin.AdditionalMaster.ExchangeRates.ExchangeRateController.GetAllExchangeRate(System.Boolean,System.Int32,System.Int32)">
            <summary>
            Retrieves all exchange rates.
            </summary>
            <returns>A list of all exchange rates.</returns>
            <response code="200">Returns a list of exchange rates</response>
            <response code="500">Internal server error - Something went wrong on the server</response>
        </member>
        <!-- Badly formed XML comment ignored for member "M:BOM.API.Controllers.Admin.AdditionalMaster.ExchangeRates.ExchangeRateController.GetExchangeRateById(System.Int32)" -->
        <member name="M:BOM.API.Controllers.Admin.AdditionalMaster.ExchangeRates.ExchangeRateController.CreateExchangeRate(BOM.Application.Commands.Admin.AdditionalMaster.ExchangeRates.AddExchangeRatesCommand)">
            <summary>
            Creates a new exchange rate.
            </summary>
            <param name="command">The data for creating the exchange rate.</param>
            <returns>The result of the exchange rate creation process.</returns>
            <response code="200">Exchange rate created successfully.</response>
            <response code="400">Invalid request. Please check the provided data.</response>
            <response code="500">Internal server error - Something went wrong on the server.</response>
        </member>
        <member name="M:BOM.API.Controllers.Admin.AdditionalMaster.ExchangeRates.ExchangeRateController.UpdateExchangeRate(System.Int32,BOM.Application.Commands.Admin.AdditionalMaster.ExchangeRates.UpdateExchangeRatesCommand)">
            <summary>
            Updates an existing exchange rate.
            </summary>
            <param name="id">The unique identifier of the exchange rate to be updated.</param>
            <param name="updateExchangeRates">The updated details for the exchange rate.</param>
            <returns>The result of the update operation.</returns>
            <response code="200">Exchange rate updated successfully.</response>
            <response code="404">Exchange rate not found for the given ID.</response>
            <response code="400">Invalid request. Please check the provided data.</response>
            <response code="500">Internal server error - Something went wrong on the server.</response>
        </member>
        <member name="M:BOM.API.Controllers.Admin.AdditionalMaster.ExchangeRates.ExchangeRateController.DeleteExchangeRate(System.Int32,BOM.Domain.ModelsRequest.DeleteType)">
            <summary>
            Deletes an existing exchange rate by its ID.
            </summary>
            <param name="id">The unique identifier of the exchange rate to be deleted.</param>
            <returns>The result of the delete operation.</returns>
            <response code="200">Exchange rate deleted successfully.</response>
            <response code="404">Exchange rate not found for the given ID.</response>
            <response code="500">Internal server error - Something went wrong on the server.</response>
        </member>
        <member name="M:BOM.API.Controllers.Admin.AdditionalMaster.NotesMaster.NotesMasterController.GetAllNotesMaster(System.Boolean,System.Int32,System.Int32,BOM.Domain.Enums.NotesTypeEnum)">
            <summary>
            Retrieves all notes from the master list.
            </summary>
            <returns>A list of all notes from the notes master.</returns>
            <response code="200">Returns a list of notes from the notes master</response>
            <response code="400">Bad request - Invalid input or query</response>
            <response code="500">Internal server error - Something went wrong on the server</response>
        </member>
        <member name="M:BOM.API.Controllers.Admin.AdditionalMaster.NotesMaster.NotesMasterController.GetNotesMasterById(System.Int32)">
            <summary>
            Retrieves a note from the master list by its ID.
            </summary>
            <param name="id">The ID of the note to retrieve.</param>
            <returns>A note with the specified ID from the notes master list.</returns>
            <response code="200">Returns the note with the specified ID</response>
            <response code="404">The note with the specified ID was not found</response>
            <response code="500">Internal server error - Something went wrong on the server</response>
        </member>
        <member name="M:BOM.API.Controllers.Admin.AdditionalMaster.NotesMaster.NotesMasterController.CreateNotesMaster(BOM.Application.Commands.Admin.AdditionalMaster.NotesMaster.AddNotesMasterCommand)">
            <summary>
            Creates a new note in the notes master list.
            </summary>
            <param name="command">The command containing the note details to create.</param>
            <returns>A response indicating the success or failure of the note creation.</returns>
            <response code="200">Successfully created the note</response>
            <response code="400">Bad request - Validation failed (e.g., missing or invalid fields)</response>
            <response code="500">Internal server error - Something went wrong on the server</response>
        </member>
        <member name="M:BOM.API.Controllers.Admin.AdditionalMaster.NotesMaster.NotesMasterController.UpdateNotesMaster(System.Int32,BOM.Application.Commands.Admin.AdditionalMaster.NotesMaster.UpdateNotesMasterCommand)">
            <summary>
            Updates an existing note in the notes master list.
            </summary>
            <param name="id">The ID of the note to update.</param>
            <param name="updateNotesMaster">The updated note details.</param>
            <returns>A response indicating whether the update was successful or not.</returns>
            <response code="200">Successfully updated the note</response>
            <response code="400">Bad request - Validation failed or missing data</response>
            <response code="404">Not found - The note with the specified ID does not exist</response>
            <response code="500">Internal server error - Something went wrong on the server</response>
        </member>
        <member name="M:BOM.API.Controllers.Admin.AdditionalMaster.NotesMaster.NotesMasterController.DeleteNotesMaster(System.Int32,BOM.Domain.ModelsRequest.DeleteType)">
            <summary>
            Deletes a note from the notes master list.
            </summary>
            <param name="id">The ID of the note to delete.</param>
            <returns>A response indicating whether the deletion was successful or not.</returns>
            <response code="200">Successfully deleted the note</response>
            <response code="404">Not found - The note with the specified ID does not exist</response>
            <response code="500">Internal server error - Something went wrong on the server</response>
        </member>
        <member name="T:BOM.API.Controllers.Admin.AdditionalMaster.PriceFactor.PriceFactorController">
            <summary>
            Price Factor Controller
            </summary>
        </member>
        <member name="M:BOM.API.Controllers.Admin.AdditionalMaster.PriceFactor.PriceFactorController.GetAllPriceFactor(System.Boolean,System.Int32,System.Int32)">
            <summary>
            Retrieves all price factors.
            </summary>
            <returns>A list of all price factors.</returns>
            <response code="200">Returns a list of price factors</response>
        </member>
        <member name="M:BOM.API.Controllers.Admin.AdditionalMaster.PriceFactor.PriceFactorController.GetPriceFactorById(System.Int32)">
            <summary>
            Retrieves a price factor by its ID.
            </summary>
            <param name="id">The ID of the price factor to retrieve.</param>
            <returns>A single price factor or a 404 if not found.</returns>
            <response code="200">Returns the requested price factor</response>
            <response code="404">If the price factor is not found</response>
            <response code="500">If an internal server error occurs</response>
        </member>
        <member name="M:BOM.API.Controllers.Admin.AdditionalMaster.PriceFactor.PriceFactorController.CreatePriceFactor(BOM.Application.Commands.Admin.AdditionalMaster.PriceFactor.AddPriceFactorCommand)">
            <summary>
            Creates a new price factor.
            </summary>
            <param name="command">The command containing the price factor data to be created.</param>
            <returns>The result of the price factor creation.</returns>
            <response code="200">The created price factor details</response>
            <response code="400">If the request body is invalid</response>
            <response code="500">If an internal server error occurs</response>
        </member>
        <member name="M:BOM.API.Controllers.Admin.AdditionalMaster.PriceFactor.PriceFactorController.UpdatePriceFactor(System.Int32,BOM.Application.Commands.Admin.AdditionalMaster.PriceFactor.UpdatePriceFactorCommand)">
            <summary>
            Updates an existing price factor.
            </summary>
            <param name="id">The ID of the price factor to be updated.</param>
            <param name="updatePriceFactor">The updated price factor data.</param>
            <returns>The result of the price factor update.</returns>
            <response code="200">Successfully updated the price factor.</response>
            <response code="404">Price factor not found.</response>
            <response code="500">An error occurred while updating the price factor.</response>
        </member>
        <member name="M:BOM.API.Controllers.Admin.AdditionalMaster.PriceFactor.PriceFactorController.DeletePriceFactor(System.Int32,BOM.Domain.ModelsRequest.DeleteType)">
            <summary>
            Deletes a price factor by its ID.
            </summary>
            <param name="id">The ID of the price factor to be deleted.</param>
            <param name="deletetype"></param>
            <returns>The result of the deletion operation.</returns>
            <response code="200">Successfully deleted the price factor.</response>
            <response code="404">Price factor not found.</response>
            <response code="500">An error occurred while deleting the price factor.</response>
        </member>
        <member name="T:BOM.API.Controllers.Admin.AdminHomeController">
            <summary>
            Controller for managing events.
            </summary>
        </member>
        <member name="M:BOM.API.Controllers.Admin.AdminHomeController.GetMenuMastersData">
            <summary>
            Controller for managing GetMenuMastersData.
            </summary>
        </member>
        <member name="T:BOM.API.Controllers.Admin.BaseMaster.AlternetWorkCentre.AlternetWorkCentreController">
            <summary>
            Alternate Work centers Controller
            </summary>
            <param name="mediator"></param>
            <param name="logger"></param>
        </member>
        <member name="M:BOM.API.Controllers.Admin.BaseMaster.AlternetWorkCentre.AlternetWorkCentreController.#ctor(MediatR.IMediator,Microsoft.Extensions.Logging.ILogger{BOM.API.Controllers.Admin.BaseMaster.AlternetWorkCentre.AlternetWorkCentreController})">
            <summary>
            Alternate Work centers Controller
            </summary>
            <param name="mediator"></param>
            <param name="logger"></param>
        </member>
        <member name="M:BOM.API.Controllers.Admin.BaseMaster.AlternetWorkCentre.AlternetWorkCentreController.UpdateAlternativeWorkCentre(System.Int32,BOM.Application.Commands.Admin.BaseMaster.AlternetWorkCenter.UpdateAlternativeWorkCentersCommand)">
            <summary>
            Update Alternative Work Centers
            </summary>
            <param name="id"></param>
            <param name="command"></param>
            <returns></returns>
        </member>
        <member name="M:BOM.API.Controllers.Admin.BaseMaster.AlternetWorkCentre.AlternetWorkCentreController.DeleteAlternativeWorkCentre(System.Int32)">
            <summary>
            Delete Alternative Work Centers
            </summary>
            <param name="id"></param>
            <returns></returns>
        </member>
        <member name="T:BOM.API.Controllers.Admin.BaseMaster.CostCentreType.CostCentreTypeController">
            <summary>
            Cost Center Type Controller
            </summary>
        </member>
        <member name="M:BOM.API.Controllers.Admin.BaseMaster.CostCentreType.CostCentreTypeController.#ctor(Microsoft.Extensions.Logging.ILogger{BOM.API.Controllers.Admin.BaseMaster.CostCentreType.CostCentreTypeController},BOM.Application.IServices.Auth.IClaimService,MediatR.IMediator)">
            <summary>
            Cost Center Type Constructor
            </summary>
            <param name="logger"></param>
            <param name="claimService"></param>
            <param name="mediator"></param>
        </member>
        <member name="M:BOM.API.Controllers.Admin.BaseMaster.CostCentreType.CostCentreTypeController.GetAllCostCentreType(System.Boolean,System.Int32,System.Int32)">
            <summary>
            Get All Cost Center Types
            </summary>
            <param name="isArchive"></param>
            <returns></returns>
        </member>
        <member name="M:BOM.API.Controllers.Admin.BaseMaster.CostCentreType.CostCentreTypeController.GetCostCentreTypeById(System.Int32)">
            <summary>
            Fetch Cost Center Type by ID
            </summary>
            <param name="id"></param>
            <returns></returns>
        </member>
        <member name="M:BOM.API.Controllers.Admin.BaseMaster.CostCentreType.CostCentreTypeController.CreateCostCentreType(BOM.Application.Commands.Admin.BaseMaster.CostCentreType.AddCostCentreTypeCommand)">
            <summary>
            Add Cost Center Type
            </summary>
            <param name="addCostCentreType"></param>
            <returns></returns>
        </member>
        <member name="M:BOM.API.Controllers.Admin.BaseMaster.CostCentreType.CostCentreTypeController.UpdateCostCentreType(System.Int32,BOM.Application.Commands.Admin.BaseMaster.CostCentreType.UpdateCostCentreTypeCommand)">
            <summary>
            Update Cost Center Type
            </summary>
            <param name="id"></param>
            <param name="costCentreTypeCommand"></param>
            <returns></returns>
        </member>
        <member name="M:BOM.API.Controllers.Admin.BaseMaster.CostCentreType.CostCentreTypeController.DeleteCostCentreType(System.Int32,BOM.Domain.ModelsRequest.DeleteType)">
            <summary>
            Delete Cost Center Type
            </summary>
            <param name="id"></param>
            <param name="deletetype"></param>
            <returns></returns>
        </member>
        <member name="T:BOM.API.Controllers.Admin.BaseMaster.MaterialType.MaterialTypeController">
            <summary>
            Material Type Controller
            </summary>
            <param name="logger"></param>
            <param name="claimService"></param>
            <param name="mediator"></param>
        </member>
        <member name="M:BOM.API.Controllers.Admin.BaseMaster.MaterialType.MaterialTypeController.#ctor(Microsoft.Extensions.Logging.ILogger{BOM.API.Controllers.Admin.BaseMaster.MaterialType.MaterialTypeController},BOM.Application.IServices.Auth.IClaimService,MediatR.IMediator)">
            <summary>
            Material Type Controller
            </summary>
            <param name="logger"></param>
            <param name="claimService"></param>
            <param name="mediator"></param>
        </member>
        <member name="M:BOM.API.Controllers.Admin.BaseMaster.MaterialType.MaterialTypeController.GetAllMaterialTypes(System.Boolean,System.Int32,System.Int32)">
            <summary>
            Get All Material Types
            </summary>
            <param name="isArchive"></param>
            <returns></returns>
        </member>
        <member name="M:BOM.API.Controllers.Admin.BaseMaster.MaterialType.MaterialTypeController.GetMaterialTypeById(System.Int32)">
            <summary>
            Get Material Type by ID
            </summary>
            <param name="id"></param>
            <returns></returns>
        </member>
        <member name="M:BOM.API.Controllers.Admin.BaseMaster.MaterialType.MaterialTypeController.CreateMaterialType(BOM.Application.Commands.Admin.BaseMaster.MaterialType.AddMaterialTypeCommand)">
            <summary>
            Add Material Type
            </summary>
            <param name="addMaterialType"></param>
            <returns></returns>
        </member>
        <member name="M:BOM.API.Controllers.Admin.BaseMaster.MaterialType.MaterialTypeController.UpdateMaterialType(System.Int32,BOM.Application.Commands.Admin.BaseMaster.MaterialType.UpdateMaterialTypeCommand)">
            <summary>
            Update Material Type
            </summary>
            <param name="id"></param>
            <param name="updateMaterialType"></param>
            <returns></returns>
        </member>
        <member name="M:BOM.API.Controllers.Admin.BaseMaster.MaterialType.MaterialTypeController.DeleteMaterialType(System.Int32,BOM.Domain.ModelsRequest.DeleteType)">
            <summary>
            Delete Material Type
            </summary>
            <param name="id"></param>
            <param name="deleteType"></param>
            <returns></returns>
        </member>
        <member name="T:BOM.API.Controllers.Admin.BaseMaster.PlantMaster.PlantMasterController">
            <summary>
            Plant Master Controller
            </summary>
            <param name="logger"></param>
            <param name="mediator"></param>
            <param name="claimService"></param>
        </member>
        <member name="M:BOM.API.Controllers.Admin.BaseMaster.PlantMaster.PlantMasterController.#ctor(Microsoft.Extensions.Logging.ILogger{BOM.API.Controllers.Admin.BaseMaster.PlantMaster.PlantMasterController},MediatR.IMediator,BOM.Application.IServices.Auth.IClaimService)">
            <summary>
            Plant Master Controller
            </summary>
            <param name="logger"></param>
            <param name="mediator"></param>
            <param name="claimService"></param>
        </member>
        <member name="M:BOM.API.Controllers.Admin.BaseMaster.PlantMaster.PlantMasterController.GetAllPlantMaster(System.Boolean,System.Int32,System.Int32)">
            <summary>
            Get All Plants
            </summary>
            <param name="isArchive"></param>
            <returns></returns>
        </member>
        <member name="M:BOM.API.Controllers.Admin.BaseMaster.PlantMaster.PlantMasterController.GetPlantById(System.Int32)">
            <summary>
            Get Plant details by ID
            </summary>
            <param name="id"></param>
            <returns></returns>
        </member>
        <member name="M:BOM.API.Controllers.Admin.BaseMaster.PlantMaster.PlantMasterController.AddPlant(BOM.Application.Commands.Admin.BaseMaster.PlantMaster.AddPlantCommand)">
            <summary>
            Add New Plant
            </summary>
            <param name="plant"></param>
            <returns></returns>
        </member>
        <member name="M:BOM.API.Controllers.Admin.BaseMaster.PlantMaster.PlantMasterController.UpdatePlant(System.Int32,BOM.Application.Commands.Admin.BaseMaster.PlantMaster.UpdatePlantCommand)">
            <summary>
            Update Existing Plant 
            </summary>
            <param name="id"></param>
            <param name="plant"></param>
            <returns></returns>
        </member>
        <member name="M:BOM.API.Controllers.Admin.BaseMaster.PlantMaster.PlantMasterController.DeletePlant(System.Int32,BOM.Domain.ModelsRequest.DeleteType)">
            <summary>
            Delete Plant
            </summary>
            <param name="id"></param>
            <param name="deleteType"></param>
            <returns></returns>
        </member>
        <member name="M:BOM.API.Controllers.Admin.BaseMaster.PlantMaster.PlantMasterController.GetPlantByCostCenterAndWorkCentre(System.Int32,System.Int32)">
            <summary>
            Get Plant by Cost Center and Work Center
            </summary>
            <param name="costCentreId"></param>
            <param name="workCentreId"></param>
            <returns></returns>
        </member>
        <member name="M:BOM.API.Controllers.Admin.BaseMaster.PlantMaster.PlantMasterController.GetPlantByCostCenter(System.Int32)">
            <summary>
            Get Plant by cost center id
            </summary>
            <param name="costCentreId"></param>
            <returns></returns>
        </member>
        <member name="T:BOM.API.Controllers.Admin.BaseMaster.ProposalType.ProposalTypeController">
            <summary>
            Proposal Type Controller
            </summary>
            <param name="logger"></param>
            <param name="claimService"></param>
            <param name="mediator"></param>
        </member>
        <member name="M:BOM.API.Controllers.Admin.BaseMaster.ProposalType.ProposalTypeController.#ctor(Microsoft.Extensions.Logging.ILogger{BOM.API.Controllers.Admin.BaseMaster.ProposalType.ProposalTypeController},BOM.Application.IServices.Auth.IClaimService,MediatR.IMediator)">
            <summary>
            Proposal Type Controller
            </summary>
            <param name="logger"></param>
            <param name="claimService"></param>
            <param name="mediator"></param>
        </member>
        <member name="M:BOM.API.Controllers.Admin.BaseMaster.ProposalType.ProposalTypeController.GetAllProposalTypes(System.Boolean,System.Int32,System.Int32)">
            <summary>
            Get All Proposal Types
            </summary>
            <param name="isArchive"></param>
            <returns></returns>
        </member>
        <member name="M:BOM.API.Controllers.Admin.BaseMaster.ProposalType.ProposalTypeController.GetProposalTypeById(System.Int32)">
            <summary>
            Get Proposal type by ID
            </summary>
            <param name="id"></param>
            <returns></returns>
        </member>
        <member name="M:BOM.API.Controllers.Admin.BaseMaster.ProposalType.ProposalTypeController.CreateProposalType(BOM.Application.Commands.Admin.BaseMaster.ProposalType.AddProposalTypeCommand)">
            <summary>
            Create Proposal Type
            </summary>
            <param name="addProposalType"></param>
            <returns></returns>
        </member>
        <member name="M:BOM.API.Controllers.Admin.BaseMaster.ProposalType.ProposalTypeController.UpdateProposalType(System.Int32,BOM.Application.Commands.Admin.BaseMaster.ProposalType.UpdateProposalTypeCommand)">
            <summary>
            Update existing proposal type
            </summary>
            <param name="id"></param>
            <param name="updateProposalType"></param>
            <returns></returns>
        </member>
        <member name="M:BOM.API.Controllers.Admin.BaseMaster.ProposalType.ProposalTypeController.DeleteProposalType(System.Int32,BOM.Domain.ModelsRequest.DeleteType)">
            <summary>
            Delete Proposal Type
            </summary>
            <param name="id"></param>
            <param name="deleteType"></param>
            <returns></returns>
        </member>
        <member name="T:BOM.API.Controllers.Admin.BaseMaster.ValuationType.ValuationTypeController">
            <summary>
            Valuation Type Controller
            </summary>
            <param name="logger"></param>
            <param name="claimService"></param>
            <param name="mediator"></param>
        </member>
        <member name="M:BOM.API.Controllers.Admin.BaseMaster.ValuationType.ValuationTypeController.#ctor(Microsoft.Extensions.Logging.ILogger{BOM.API.Controllers.Admin.BaseMaster.ValuationType.ValuationTypeController},BOM.Application.IServices.Auth.IClaimService,MediatR.IMediator)">
            <summary>
            Valuation Type Controller
            </summary>
            <param name="logger"></param>
            <param name="claimService"></param>
            <param name="mediator"></param>
        </member>
        <member name="M:BOM.API.Controllers.Admin.BaseMaster.ValuationType.ValuationTypeController.GetAllValuationType(System.Boolean,System.Int32,System.Int32)">
            <summary>
            Get All Valuation Type
            </summary>
            <param name="isArchive"></param>
            <returns></returns>
        </member>
        <member name="M:BOM.API.Controllers.Admin.BaseMaster.ValuationType.ValuationTypeController.GetValuationTypeById(System.Int32)">
            <summary>
            Get Valuation Type by ID
            </summary>
            <param name="id"></param>
            <returns></returns>
        </member>
        <member name="M:BOM.API.Controllers.Admin.BaseMaster.ValuationType.ValuationTypeController.CreateValuationType(BOM.Application.Commands.Admin.BaseMaster.ValuationType.AddValuationTypeCommand)">
            <summary>
            Create Valuation Type
            </summary>
            <param name="addValuationType"></param>
            <returns></returns>
        </member>
        <member name="M:BOM.API.Controllers.Admin.BaseMaster.ValuationType.ValuationTypeController.UpdateValuationType(System.Int32,BOM.Application.Commands.Admin.BaseMaster.ValuationType.UpdateValuationTypeCommand)">
            <summary>
            Update Valuation Type
            </summary>
            <param name="id"></param>
            <param name="updateValuationType"></param>
            <returns></returns>
        </member>
        <member name="M:BOM.API.Controllers.Admin.BaseMaster.ValuationType.ValuationTypeController.DeleteValuationType(System.Int32,BOM.Domain.ModelsRequest.DeleteType)">
            <summary>
            Delete Valuation Type
            </summary>
            <param name="id"></param>
            <param name="deleteType"></param>
            <returns></returns>
        </member>
        <member name="T:BOM.API.Controllers.Admin.BaseMaster.WorkCentre.WorkCentreController">
            <summary>
            Work Center Controller
            </summary>
            <param name="logger"></param>
            <param name="claimService"></param>
            <param name="mediator"></param>
        </member>
        <member name="M:BOM.API.Controllers.Admin.BaseMaster.WorkCentre.WorkCentreController.#ctor(Microsoft.Extensions.Logging.ILogger{BOM.API.Controllers.Admin.BaseMaster.WorkCentre.WorkCentreController},BOM.Application.IServices.Auth.IClaimService,MediatR.IMediator,BOM.Infrastructure.Data.BomDbContext)">
            <summary>
            Work Center Controller
            </summary>
            <param name="logger"></param>
            <param name="claimService"></param>
            <param name="mediator"></param>
        </member>
        <member name="M:BOM.API.Controllers.Admin.BaseMaster.WorkCentre.WorkCentreController.GetAllWorkCentre(System.Boolean,System.Int32,System.Int32)">
            <summary>
            Get All Work Centers
            </summary>
            <param name="isArchive"></param>
            <returns></returns>
        </member>
        <member name="M:BOM.API.Controllers.Admin.BaseMaster.WorkCentre.WorkCentreController.GetWorkCentreById(System.Int32)">
            <summary>
            Get Work Center By ID
            </summary>
            <param name="id"></param>
            <returns></returns>
        </member>
        <member name="M:BOM.API.Controllers.Admin.BaseMaster.WorkCentre.WorkCentreController.CreateWorkCentre(BOM.Application.Commands.Admin.BaseMaster.WorkCentre.AddWorkCentreCommand)">
            <summary>
            Create Work Center
            </summary>
            <param name="addWorkCenter"></param>
            <returns></returns>
        </member>
        <member name="M:BOM.API.Controllers.Admin.BaseMaster.WorkCentre.WorkCentreController.UpdateWorkCentre(System.Int32,BOM.Application.Commands.Admin.BaseMaster.WorkCentre.UpdateWorkCentreCommand)">
            <summary>
            Update Work Center
            </summary>
            <param name="id"></param>
            <param name="updateWorkCenter"></param>
            <returns></returns>
        </member>
        <member name="M:BOM.API.Controllers.Admin.BaseMaster.WorkCentre.WorkCentreController.DeleteWorkCentre(System.Int32,BOM.Domain.ModelsRequest.DeleteType)">
            <summary>
            Delete Work Center
            </summary>
            <param name="id"></param>
            <param name="deleteType"></param>
            <returns></returns>
        </member>
        <member name="M:BOM.API.Controllers.Admin.BaseMaster.WorkCentre.WorkCentreController.GetWorkCentreByPlantId(System.Int32)">
            <summary>
            Get Work Center by Plant ID
            </summary>
            <param name="id"></param>
            <returns></returns>
            
        </member>
        <member name="M:BOM.API.Controllers.Admin.BaseMaster.WorkCentre.WorkCentreController.GetFilteredWorkCentres(System.Int32,System.Int32)">
            <summary>
            Get Filtered Worked Centers
            </summary>
            <param name="costCentreTypeId"></param>
            <param name="costCentreId"></param>
            <returns></returns>
        </member>
        <member name="T:BOM.API.Controllers.Admin.CostMaster.OMCCostMaster.OMCCostMasterController">
            <summary>
            OMC Cost Master Controller
            </summary>
            <param name="logger"></param>
            <param name="claimService"></param>
            <param name="mediator"></param>
        </member>
        <member name="M:BOM.API.Controllers.Admin.CostMaster.OMCCostMaster.OMCCostMasterController.#ctor(Microsoft.Extensions.Logging.ILogger{BOM.API.Controllers.Admin.CostMaster.OMCCostMaster.OMCCostMasterController},BOM.Application.IServices.Auth.IClaimService,MediatR.IMediator)">
            <summary>
            OMC Cost Master Controller
            </summary>
            <param name="logger"></param>
            <param name="claimService"></param>
            <param name="mediator"></param>
        </member>
        <member name="M:BOM.API.Controllers.Admin.CostMaster.OMCCostMaster.OMCCostMasterController.GetAllOMCCostMaster(System.Boolean,System.Int32,System.Int32)">
            <summary>
            Retrieves a list of all OMC Cost Masters.
            </summary>
            <remarks>
            This endpoint returns all available OMC Cost Masters from the database.
            The response includes details such as the cost center type, cost center, 
            work center, and plant master cost.
            </remarks>
            <response code="200">Returns the list of OMC Cost Masters successfully</response>
            <response code="500">Internal server error if something goes wrong during the request</response>
        </member>
        <member name="M:BOM.API.Controllers.Admin.CostMaster.OMCCostMaster.OMCCostMasterController.GetOMCCostMasterById(System.Int32)">
            <summary>
            Retrieves a specific OMCCostMaster by ID.
            </summary>
            <param name="id">The ID of the OMCCostMaster to retrieve.</param>
            <returns>The OMCCostMaster data if found, otherwise a 404 error.</returns>
        </member>
        <member name="M:BOM.API.Controllers.Admin.CostMaster.OMCCostMaster.OMCCostMasterController.CreateOMCCostMaster(BOM.Application.Commands.Admin.CostMaster.OMCCostMaster.AddOMCCostCommand)">
            <summary>
            Creates a new OMC Cost Master entry.
            </summary>
            <remarks>
            This endpoint allows users to create a new OMC Cost Master by submitting the necessary data in the request body.
            The data should include the details for cost center type, cost center, work center, and plant master cost.
            </remarks>
            <param name="command">The request object containing all the required details to create a new OMC Cost Master.</param>
            <response code="200">Successfully created the OMC Cost Master.</response>
            <response code="400">Bad request if any required fields are missing or invalid.</response>
            <response code="500">Internal server error if something goes wrong during the creation process.</response>
        </member>
        <member name="M:BOM.API.Controllers.Admin.CostMaster.OMCCostMaster.OMCCostMasterController.UpdateOMCCostMaster(System.Int32,BOM.Application.Commands.Admin.CostMaster.OMCCostMaster.UpdateOMCCostCommand)">
            <summary>
            Updates an existing OMC Cost Master entry by its ID.
            </summary>
            <remarks>
            This endpoint allows users to update the details of an existing OMC Cost Master. 
            The user must provide the ID of the OMC Cost Master they wish to update and submit the updated data in the request body.
            </remarks>
            <param name="id">The unique identifier for the OMC Cost Master to update.</param>
            <param name="updateOMCCost">The request object containing the updated details for the OMC Cost Master.</param>
            <response code="200">Successfully updated the OMC Cost Master.</response>
            <response code="404">The OMC Cost Master with the given ID was not found.</response>
            <response code="500">Internal server error if something goes wrong during the update process.</response>
        </member>
        <member name="M:BOM.API.Controllers.Admin.CostMaster.OMCCostMaster.OMCCostMasterController.DeleteOMCCostMaster(System.Int32,BOM.Domain.ModelsRequest.DeleteType)">
            <summary>
            Deletes the OMC Cost Master entry by its ID.
            </summary>
            <remarks>
            This endpoint allows users to delete an existing OMC Cost Master entry by specifying the ID of the entry to be deleted.
            </remarks>
            <param name="id">The unique identifier of the OMC Cost Master entry to delete.</param>
            <param name="deleteType"></param>
            <response code="200">Successfully deleted the OMC Cost Master.</response>
            <response code="404">The OMC Cost Master with the given ID was not found.</response>
            <response code="500">Internal server error if something goes wrong during the delete process.</response>
        </member>
        <member name="M:BOM.API.Controllers.Admin.CostMaster.OverheadCostMaster.OverheadCostMasterController.GetAllOverheadCostMaster(System.Boolean,System.Int32,System.Int32)">
            <summary>
            Retrieves a list of all Overhead Cost Master records.
            </summary>
            <remarks>
            This endpoint returns all records from the Overhead Cost Master table. 
            It fetches data dynamically and sends it in a structured response format. 
            Use this endpoint to retrieve the complete list of Overhead Cost Master data.
            </remarks>
            <returns>
            A structured API response containing the list of Overhead Cost Master records along with a 200 status code on success.
            </returns>
            <response code="200">Returns the list of Overhead Cost Master records.</response>
            <response code="500">If there is an error processing the request.</response>
        </member>
        <member name="M:BOM.API.Controllers.Admin.CostMaster.OverheadCostMaster.OverheadCostMasterController.GetOverheadCostMasterById(System.Int32)">
            <summary>
            Retrieves an Overhead Cost Master record by its ID.
            </summary>
            <remarks>
            This endpoint fetches a specific Overhead Cost Master record based on the provided ID. 
            If the record exists, it is returned with a 200 status code. If the record is not found, a 404 status code is returned.
            </remarks>
            <param name="id">The unique identifier of the Overhead Cost Master record to retrieve.</param>
            <returns>
            A structured API response containing the Overhead Cost Master record if found, or an appropriate error message if not found.
            </returns>
            <response code="200">Returns the Overhead Cost Master record matching the given ID.</response>
            <response code="404">Indicates that the Overhead Cost Master record with the specified ID was not found.</response>
            <response code="500">If there is an error processing the request.</response>
        </member>
        <member name="M:BOM.API.Controllers.Admin.CostMaster.OverheadCostMaster.OverheadCostMasterController.CreateOverheadCostMaster(BOM.Application.Commands.Admin.CostMaster.OverheadCostMaster.AddOverheadCostMasterCommand)">
            <summary>
            Creates a new Overhead Cost Master record.
            </summary>
            <remarks>
            This endpoint allows you to create a new Overhead Cost Master record by providing the required details in the request body. 
            The data is processed and added to the database, returning the created record or a confirmation response upon success.
            </remarks>
            <param name="command">The command object containing the details of the Overhead Cost Master to be created.</param>
            <returns>
            A structured API response containing the created Overhead Cost Master record or an appropriate error message.
            </returns>
            <response code="200">Returns the newly created Overhead Cost Master record.</response>
            <response code="400">Indicates that the provided input data is invalid.</response>
            <response code="500">If there is an error processing the request.</response>
        </member>
        <member name="M:BOM.API.Controllers.Admin.CostMaster.OverheadCostMaster.OverheadCostMasterController.UpdateOverheadCostMaster(System.Int32,BOM.Application.Commands.Admin.CostMaster.OverheadCostMaster.UpdateOverheadCostMasterCommand)">
            <summary>
            Updates an existing Overhead Cost Master record.
            </summary>
            <remarks>
            This endpoint updates the details of an existing Overhead Cost Master record identified by the specified ID. 
            Provide the updated details in the request body. If the record is not found, a 404 status code is returned.
            </remarks>
            <param name="id">The unique identifier of the Overhead Cost Master record to update.</param>
            <param name="updateOverheadCostMaster">The command object containing the updated details of the Overhead Cost Master record.</param>
            <returns>
            A structured API response indicating the result of the update operation. 
            If successful, it returns the updated record or a confirmation message.
            </returns>
            <response code="200">Indicates that the Overhead Cost Master record was successfully updated.</response>
            <response code="404">Indicates that the Overhead Cost Master record with the specified ID was not found.</response>
            <response code="500">If there is an error processing the request.</response>
        </member>
        <member name="M:BOM.API.Controllers.Admin.CostMaster.OverheadCostMaster.OverheadCostMasterController.DeleteOverheadCostMaster(System.Int32,BOM.Domain.ModelsRequest.DeleteType)">
            <summary>
            Deletes an existing Overhead Cost Master record.
            </summary>
            <remarks>
            This endpoint deletes the Overhead Cost Master record identified by the specified ID. 
            If the record is successfully deleted, a confirmation response is returned. 
            If the record is not found, a 404 status code is returned.
            </remarks>
            <param name="id">The unique identifier of the Overhead Cost Master record to delete.</param>
            <returns>
            A structured API response indicating the result of the delete operation. 
            If successful, it returns a confirmation message; otherwise, an appropriate error message.
            </returns>
            <response code="200">Indicates that the Overhead Cost Master record was successfully deleted.</response>
            <response code="404">Indicates that the Overhead Cost Master record with the specified ID was not found.</response>
            <response code="500">If there is an error processing the request.</response>
        </member>
        <member name="M:BOM.API.Controllers.Admin.CostMaster.OverheadCostType.OverheadCostTypeController.UpdateOverheadCostType(System.Int32,BOM.Application.Commands.Admin.CostMaster.OverheadCostType.UpdateOverheadCostTypeCommand)">
            <summary>
            Updates an existing Overhead Cost Type.
            </summary>
            <param name="command">The UpdateOverheadCostTypeCommand containing the update data.</param>
            <returns>A response indicating whether the update was successful or not.</returns>
        </member>
        <member name="M:BOM.API.Controllers.Admin.CostMaster.OverheadCostType.OverheadCostTypeController.DeleteOverheadCostType(System.Int32,BOM.Domain.ModelsRequest.DeleteType)">
            <summary>
            Deletes an existing Overhead Cost Type.
            </summary>
            <param name="id">The ID of the Overhead Cost Type to delete.</param>
            <returns>A response indicating whether the deletion was successful or not.</returns>
        </member>
        <member name="T:BOM.API.Controllers.Admin.Dashboard.AdminDashboardController">
            <summary>
            Admin Dashboard Controller
            </summary>
        </member>
        <member name="M:BOM.API.Controllers.Admin.Dashboard.AdminDashboardController.#ctor(BOM.Infrastructure.Data.BomDbContext,Microsoft.Extensions.Logging.ILogger{BOM.API.Controllers.Admin.Dashboard.AdminDashboardController},BOM.Domain.IRepository.Reports.Spares.ISparesReportRepository,BOM.Domain.IRepository.Reports.Machine.IMachineReportRepository)">
            <summary>
            AdminDashboardController Constructor
            </summary>
        </member>
        <member name="M:BOM.API.Controllers.Admin.Dashboard.AdminDashboardController.GetAdminDashboard">
            <summary>
            Get Admin Dashboard Data
            </summary>
            <returns></returns>
        </member>
        <member name="T:BOM.API.Controllers.Admin.DataManagement.DataManagementController">
            <summary>
            Controller for Managing Data from different sources
            </summary>
        </member>
        <member name="M:BOM.API.Controllers.Admin.DataManagement.DataManagementController.#ctor(MediatR.IMediator,Microsoft.Extensions.Logging.ILogger{BOM.API.Controllers.Admin.DataManagement.DataManagementController},BOM.Application.IServices.Auth.ITokenRetrievalService,BOM.Application.IServices.Auth.IClaimService,BOM.Domain.IRepository.Admin.DataManagementMaster.IDataManagementMasterRepository,BOM.Infrastructure.Data.BomDbContext,BOM.Domain.IRepository.Admin.DataManagementMaster.Masterdata.IMasterDataRepository,AutoMapper.IMapper)">
            <summary>
             Controller for Data Management
            </summary>
            <param name="claimService"></param>
            <param name="mediator"></param>
            <param name="tokenRetrievalService"></param>
            <param name="logger"></param>
        </member>
        <member name="M:BOM.API.Controllers.Admin.DataManagement.DataManagementController.GetDataManagementMasters">
            <summary>
            Get list of all Data Management Masters.
            </summary>
        </member>
        <member name="M:BOM.API.Controllers.Admin.DataManagement.DataManagementController.CreateDataManagementMaster(BOM.Application.Commands.Admin.DataManagementMaster.AddDataManagementMasterCommand)">
            <summary>
            Create New Data Management Master.
            </summary>
        </member>
        <member name="M:BOM.API.Controllers.Admin.DataManagement.DataManagementController.UpdateDataManagementMaster(System.Int32,BOM.Application.Commands.Admin.DataManagementMaster.UpdateDataManagementMasterCommand)">
            <summary>
            Update Existing Data Management Master.
            </summary>
        </member>
        <member name="M:BOM.API.Controllers.Admin.DataManagement.DataManagementController.DeleteDataManagementMaster(System.Int32,BOM.Domain.ModelsRequest.DeleteType)">
            <summary>
            Delete Data Management Master.
            </summary>
        </member>
        <member name="M:BOM.API.Controllers.Admin.EmailSettings.EmailTemplate.EmailTemplateController.GetAllTemplates(System.Int32,System.Int32,System.Nullable{System.Int32})">
            <summary>
            Get all email templates
            </summary>
        </member>
        <member name="M:BOM.API.Controllers.Admin.EmailSettings.EmailTemplate.EmailTemplateController.GetEmailTemplateVariable(System.String)">
            <summary>
            Get all email templates variables
            </summary>
        </member>
        <member name="M:BOM.API.Controllers.Admin.EmailSettings.EmailTemplate.EmailTemplateController.GetTemplateByCode(System.String)">
            <summary>
            Get email template by TemplateCode
            </summary>
        </member>
        <member name="M:BOM.API.Controllers.Admin.EmailSettings.EmailTemplate.EmailTemplateController.GetTemplateByName(System.String)">
            <summary>
            Get email template by name
            </summary>
        </member>
        <member name="M:BOM.API.Controllers.Admin.EmailSettings.EmailTemplate.EmailTemplateController.CreateTemplate(BOM.Application.Request.Admin.EmailSettings.EmailTemplate.CreateEmailTemplate)">
            <summary>
            Create a new email template
            </summary>
        </member>
        <member name="M:BOM.API.Controllers.Admin.EmailSettings.EmailTemplate.EmailTemplateController.UpdateTemplate(System.String,BOM.Application.Request.Admin.EmailSettings.EmailTemplate.CreateEmailTemplate)">
            <summary>
            Update an existing email template
            </summary>
        </member>
        <member name="M:BOM.API.Controllers.Admin.EmailSettings.EmailTemplate.EmailTemplateController.DeleteTemplate(System.Int32,BOM.Domain.ModelsRequest.DeleteType)">
            <summary>
            Delete an email template by ID
            </summary>
        </member>
        <member name="T:BOM.API.Controllers.Admin.ThirdPartyApiController">
            <summary>
            ThirdPartyApiController
            </summary>
        </member>
        <member name="M:BOM.API.Controllers.Admin.ThirdPartyApiController.#ctor(System.Net.Http.IHttpClientFactory,Microsoft.Extensions.Options.IOptions{BOM.API.Helpers.ConfigurationHelper.ThirdPartyApiSettings},BOM.Application.IServices.ThirdPartyAPI.IThirdPartyApiService)">
            <summary>
            ThirdPartyApiController constructor
            </summary>
            <param name="httpClientFactory"></param>
            <param name="apiSettings"></param>
        </member>
        <member name="M:BOM.API.Controllers.Admin.ThirdPartyApiController.GetData(System.String)">
            <summary>
            GetThirdPartyData
            </summary>
            <param name="apiUrl"></param>
            <returns></returns>
        </member>
        <member name="M:BOM.API.Controllers.Admin.ThirdPartyApiController.PostData(System.String,System.Object)">
            <summary>
            AddThirdPartyData
            </summary>
            <param name="apiUrl"></param>
            <param name="body"></param>
            <returns></returns>
        </member>
        <member name="T:BOM.API.Controllers.BomCreator.Dashboard.BomCreatorDashboardController">
            <summary>
            BOM Creator Dashboard Controller
            </summary>
        </member>
        <member name="M:BOM.API.Controllers.BomCreator.Dashboard.BomCreatorDashboardController.#ctor(Microsoft.Extensions.Logging.ILogger{BOM.API.Controllers.BomCreator.Dashboard.BomCreatorDashboardController},MediatR.IMediator,BOM.Infrastructure.Data.BomDbContext)">
            <summary>
            BOM Creator Dashboard Constructor
            </summary>
            <param name="logger"></param>
            <param name="mediator"></param>
            <param name="bomDbContext"></param>
        </member>
        <member name="M:BOM.API.Controllers.BomCreator.Dashboard.BomCreatorDashboardController.GetBomCreatorDashboard">
            <summary>
            Get BOM Creator Dashboard Data
            </summary>
            <returns></returns>
        </member>
        <member name="T:BOM.API.Controllers.BomCreator.RFQ.RfqCommentsController">
            <summary>
            Rfq Comments Controller
            </summary>
            <param name="mediator"></param>
        </member>
        <member name="M:BOM.API.Controllers.BomCreator.RFQ.RfqCommentsController.#ctor(MediatR.IMediator)">
            <summary>
            Rfq Comments Controller
            </summary>
            <param name="mediator"></param>
        </member>
        <member name="M:BOM.API.Controllers.BomCreator.RFQ.RfqCommentsController.AddRfqComment(BOM.Application.Commands.BOMCreator.RfqComment.CreateRfqCommentCommand)">
            <summary>
            Create RFQ Comment
            </summary>
            <param name="command"></param>
            <returns></returns>
        </member>
        <member name="M:BOM.API.Controllers.BomCreator.RFQ.RfqCommentsController.GetAllRfqCommentsByRfqId(System.Int32)">
            <summary>
            Get All Rfq Comments
            </summary>
            <returns></returns>
        </member>
        <member name="M:BOM.API.Controllers.BomCreator.RFQ.RfqCommentsController.RfqCommentsById(System.Int32)">
            <summary>
            Get RfqCommentsById
            </summary>
            <param name="id"></param>
            <returns></returns>
        </member>
        <member name="M:BOM.API.Controllers.BomCreator.RFQ.RFQController.GetAllRfQsWithFilters(System.String,System.Collections.Generic.List{System.Int32},System.Collections.Generic.List{System.Int32},System.Collections.Generic.List{System.String},System.String,System.String,System.Boolean,System.Int32,System.Int32)">
            <summary>
            Get All RfQs With Filters
            </summary>
            <param name="proposalTypeIds"></param>
            <param name="isArchive"></param>
            <param name="pageNumber"></param>
            <param name="pageSize"></param>
            <param name="searchValue"></param>
            <param name="statusIds"></param>
            <param name="rfqTypes"></param>
            <param name="startDate"></param>
            <param name="endDate"></param>
            <returns></returns>
        </member>
        <member name="M:BOM.API.Controllers.BomCreator.RFQ.RFQController.ExportBulkExcel(System.Collections.Generic.List{BOM.API.Controllers.BomCreator.RFQ.RFQController.BulkDownloadSheetData})">
            <summary>
            ExportBulkExcel
            </summary>
            <param name="sheets"></param>
            <returns></returns>
        </member>
        <member name="T:BOM.API.Controllers.BomCreator.RFQ.RfqHistoryController">
            <summary>
            RFQ History
            </summary>
        </member>
        <member name="M:BOM.API.Controllers.BomCreator.RFQ.RfqHistoryController.#ctor(MediatR.IMediator)">
            <summary>
            RFQ History
            </summary>
        </member>
        <member name="M:BOM.API.Controllers.BomCreator.RFQ.RfqHistoryController.ChangeRfqStatus(BOM.Application.Commands.BOMCreator.RfqHistory.CreateRfqStatusHistoryCommand)">
            <summary>
            Change RFQ History
            </summary>
            <param name="rfqStatusHistoryCommand"></param>
            <returns></returns>
        </member>
        <member name="M:BOM.API.Controllers.BomCreator.RFQ.RfqHistoryController.GetStatusHistoryByRfqId(System.Int32)">
            <summary>
            Get Status History By RfqId
            </summary>
            <param name="rfqId"></param>
            <returns></returns>
        </member>
        <member name="T:BOM.API.Controllers.Common.ChunkUploadController">
            <summary>
            Chunk Upload Controller
            </summary>
        </member>
        <member name="M:BOM.API.Controllers.Common.ChunkUploadController.#ctor(Microsoft.Extensions.Configuration.IConfiguration,Microsoft.Extensions.Logging.ILogger{BOM.API.Controllers.Common.ChunkUploadController})">
            <summary>
            Chunk Upload Controller Constructor
            </summary>
            <param name="configuration"></param>
            <param name="logger"></param>
        </member>
        <member name="M:BOM.API.Controllers.Common.ChunkUploadController.UploadChunks(System.String,System.String)">
            <summary>
            Upload Chunks
            </summary>
            <param name="id"></param>
            <param name="fileName"></param>
            <returns></returns>
        </member>
        <member name="M:BOM.API.Controllers.Common.ChunkUploadController.UploadComplete(System.String)">
            <summary>
            Upload Complete
            </summary>
            <param name="fileName"></param>
            <returns></returns>
        </member>
        <member name="T:BOM.API.Controllers.Common.ChunkUploadController.ResponseContext">
            <summary>
            ResponseContext
            </summary>
        </member>
        <member name="T:BOM.API.Controllers.Common.FirebaseNotificationController">
            <summary>
            Firebase Notification Controller
            </summary>
        </member>
        <member name="M:BOM.API.Controllers.Common.FirebaseNotificationController.#ctor(BOM.Application.IServices.Notification.IFirebaseNotificationService,Microsoft.AspNetCore.Http.IHttpContextAccessor,MediatR.IMediator,Microsoft.Extensions.Logging.ILogger{BOM.API.Controllers.Common.FirebaseNotificationController})">
            <summary>
            FirebaseNotificationController Constructor
            </summary>
            <param name="firebaseNotificationService"></param>
            <param name="httpContextAccessor"></param>
            <param name="mediator"></param>
            <param name="logger"></param>
        </member>
        <member name="M:BOM.API.Controllers.Common.FirebaseNotificationController.SendPushNotification(BOM.Application.Commands.Notification.SendNotificationCommand)">
            <summary>
            Send Push Notification
            </summary>
            <param name="command"></param>
            <returns></returns>
        </member>
        <member name="T:BOM.API.Controllers.Common.UserDevicesController">
            <summary>
            User Devices Controller
            </summary>
        </member>
        <member name="M:BOM.API.Controllers.Common.UserDevicesController.#ctor(BOM.Infrastructure.Data.BomDbContext)">
            <summary>
            User Devices Controller
            </summary>
            <param name="context"></param>
        </member>
        <member name="M:BOM.API.Controllers.Common.UserDevicesController.CreateUserDevice(BOM.Application.Commands.Notification.CreateUserDeviceCommand)">
            <summary>
            Create User Device
            </summary>
            <param name="device"></param>
            <returns></returns>
        </member>
        <member name="M:BOM.API.Controllers.Common.UserDevicesController.GetUserDevices(System.Int32)">
            <summary>
            Get User Devices
            </summary>
            <param name="userId"></param>
            <returns></returns>
        </member>
        <member name="M:BOM.API.Controllers.Common.UserDevicesController.GetUserDevice(System.Int32,System.String)">
            <summary>
            Get User Device
            </summary>
            <param name="userId"></param>
            <param name="deviceType"></param>
            <returns></returns>
        </member>
        <member name="M:BOM.API.Controllers.Common.UserDevicesController.UpdateUserDevice(System.Int32,System.String,BOM.Domain.Entities.UserDevices)">
            <summary>
            Update User Device
            </summary>
            <param name="userId"></param>
            <param name="deviceToken"></param>
            <param name="updatedDevice"></param>
            <returns></returns>
        </member>
        <member name="M:BOM.API.Controllers.Common.UserDevicesController.DeleteUserDevice(System.Int32,System.String)">
            <summary>
            Delete User Device
            </summary>
            <param name="userId"></param>
            <param name="deviceToken"></param>
            <returns></returns>
        </member>
        <member name="M:BOM.API.Controllers.CostingEngineer.CostingEngineerME2L.CostingEngineerME2LController.GetMe2LDataForPlants(System.String)">
            <summary>
            Get ME2L data for plants
            </summary>
            <param name="partNumber"></param>
            <returns></returns>
        </member>
        <member name="T:BOM.API.Controllers.CostingEngineer.Dashboard.CostingEngineerDashboardController">
            <summary>
            Costing Engineer Dashboard Controller
            </summary>
        </member>
        <member name="M:BOM.API.Controllers.CostingEngineer.Dashboard.CostingEngineerDashboardController.#ctor(Microsoft.Extensions.Logging.ILogger{BOM.API.Controllers.CostingEngineer.Dashboard.CostingEngineerDashboardController},MediatR.IMediator,BOM.Infrastructure.Data.BomDbContext)">
            <summary>
            Costing Engineer Dashboard Constructor
            </summary>
            <param name="logger"></param>
            <param name="mediator"></param>
            <param name="bomDbContext"></param>
        </member>
        <member name="M:BOM.API.Controllers.CostingEngineer.Dashboard.CostingEngineerDashboardController.GetCostingEngineerDashboard">
            <summary>
            Get Costing Engineer Dashboard Data
            </summary>
            <returns></returns>
        </member>
        <member name="T:BOM.API.Controllers.HOD.Dashboard.HodDashboardController">
            <summary>
            HOD Dashboard Controller
            </summary>
        </member>
        <member name="M:BOM.API.Controllers.HOD.Dashboard.HodDashboardController.#ctor(Microsoft.Extensions.Logging.ILogger{BOM.API.Controllers.HOD.Dashboard.HodDashboardController},MediatR.IMediator,BOM.Application.IServices.Auth.IClaimService,BOM.Infrastructure.Data.BomDbContext)">
            <summary>
            HOD Dashboard Constructor
            </summary>
            <param name="logger"></param>
            <param name="mediator"></param>
            <param name="bomDbContext"></param>
        </member>
        <member name="M:BOM.API.Controllers.HOD.Dashboard.HodDashboardController.GetHodDashboard">
            <summary>
            Get HOD Dashboard Data
            </summary>
            <returns></returns>
        </member>
        <member name="T:BOM.API.Controllers.L1Manager.Dashboard.L1ManagerDashboardController">
            <summary>
            L1 Manager Dashboard Controller
            </summary>
        </member>
        <member name="M:BOM.API.Controllers.L1Manager.Dashboard.L1ManagerDashboardController.#ctor(Microsoft.Extensions.Logging.ILogger{BOM.API.Controllers.L1Manager.Dashboard.L1ManagerDashboardController},MediatR.IMediator,BOM.Infrastructure.Data.BomDbContext)">
            <summary>
            L1 Manager Dashboard Controller
            </summary>
            <param name="logger"></param>
            <param name="mediator"></param>
            <param name="bomDbContext"></param>
        </member>
        <member name="M:BOM.API.Controllers.L1Manager.Dashboard.L1ManagerDashboardController.GetL1ManagerDashboard">
            <summary>
            Get L1 Manager Dashboard Data
            </summary>
            <returns></returns>
        </member>
        <member name="T:BOM.API.Controllers.Management.Dashboard.ManagementDashboardController">
            <summary>
            Management Dashboard Controller
            </summary>
        </member>
        <member name="M:BOM.API.Controllers.Management.Dashboard.ManagementDashboardController.#ctor(Microsoft.Extensions.Logging.ILogger{BOM.API.Controllers.Management.Dashboard.ManagementDashboardController},MediatR.IMediator,BOM.Infrastructure.Data.BomDbContext)">
            <summary>
            Management Dashboard Constructor
            </summary>
            <param name="logger"></param>
            <param name="mediator"></param>
            <param name="bomDbContext"></param>
        </member>
        <member name="M:BOM.API.Controllers.Management.Dashboard.ManagementDashboardController.GetManagementDashboard">
            <summary>
            Get Management Dashboard Data
            </summary>
            <returns></returns>
        </member>
        <member name="T:BOM.API.Controllers.Reports.Machine.MachineReportsController">
            <summary>
            Spares Report Controller
            </summary>
            <param name="mediator"></param>
            <param name="logger"></param>
            <param name="tokenRetrievalService"></param>
            <param name="claimService"></param>
        </member>
        <member name="M:BOM.API.Controllers.Reports.Machine.MachineReportsController.#ctor(MediatR.IMediator,Microsoft.Extensions.Logging.ILogger{BOM.API.Controllers.Reports.Machine.MachineReportsController},BOM.Application.IServices.Auth.ITokenRetrievalService,BOM.Application.IServices.Auth.IClaimService,BOM.Application.IServices.ExportData.IExcelExportService)">
            <summary>
            Spares Report Controller
            </summary>
            <param name="mediator"></param>
            <param name="logger"></param>
            <param name="tokenRetrievalService"></param>
            <param name="claimService"></param>
        </member>
        <member name="M:BOM.API.Controllers.Reports.Machine.MachineReportsController.GetAllMachineRfqReport(BOM.Application.Query.Reports.Machine.GetAllMachineReportQuery,System.Boolean)">
            <summary>
            Get All Machine Reports
            </summary>
            <param name="query"></param>
            <param name="exportToExcel"></param>
            <returns></returns>
        </member>
        <member name="M:BOM.API.Controllers.Reports.Machine.MachineReportsController.CreateMachineReport(BOM.Application.Commands.Reports.Machine.CreateMachineReportsCommand)">
            <summary>
            Create Machine Report
            </summary>
            <param name="command"></param>
            <returns></returns>
        </member>
        <member name="M:BOM.API.Controllers.Reports.Machine.MachineReportsController.DownloadSampleMachineRfqReportCsv">
            <summary>
            Download Sample CSV For Machine RFQ Report
            </summary>
            <returns></returns>
        </member>
        <member name="M:BOM.API.Controllers.Reports.Machine.MachineReportsController.DownloadSampleMachineRfqReportExcel">
            <summary>
            Download Sample Excel For Machine RFQ Report
            </summary>
            <returns></returns>
        </member>
        <member name="M:BOM.API.Controllers.Reports.Machine.MachineReportsController.ImportMachineRfqReportsExcel(BOM.Application.Request.Common.ImportData.ExcelImportRequest)">
            <summary>
            Import Machine RFQ Report Excel
            </summary>
            <param name="file"></param>
            <returns></returns>
        </member>
        <member name="T:BOM.API.Controllers.Reports.Spares.SpareReportsController">
            <summary>
            Spares Report Controller
            </summary>
            <param name="mediator"></param>
            <param name="logger"></param>
            <param name="tokenRetrievalService"></param>
            <param name="claimService"></param>
        </member>
        <member name="M:BOM.API.Controllers.Reports.Spares.SpareReportsController.#ctor(MediatR.IMediator,Microsoft.Extensions.Logging.ILogger{BOM.API.Controllers.Reports.Spares.SpareReportsController},BOM.Application.IServices.Auth.ITokenRetrievalService,BOM.Application.IServices.Auth.IClaimService,BOM.Application.IServices.ExportData.IExcelExportService)">
            <summary>
            Spares Report Controller
            </summary>
            <param name="mediator"></param>
            <param name="logger"></param>
            <param name="tokenRetrievalService"></param>
            <param name="claimService"></param>
        </member>
        <member name="M:BOM.API.Controllers.Reports.Spares.SpareReportsController.GetAllSparesReport(BOM.Application.Query.Reports.Spares.GetAllSparesReportQuery,System.Boolean)">
            <summary>
            Get All Spare Reports
            </summary>
            <param name="query"></param>
            <param name="exportToExcel"></param>
            <returns></returns>
        </member>
        <member name="M:BOM.API.Controllers.Reports.Spares.SpareReportsController.CreateSparesReport(BOM.Application.Commands.Reports.Spares.CreateSparesReportsCommand)">
            <summary>
            Create Spares Report
            </summary>
            <param name="command"></param>
            <returns></returns>
        </member>
        <member name="M:BOM.API.Controllers.Reports.Spares.SpareReportsController.DownloadSampleMachineRfqReportExcel">
            <summary>
            Download Sample Excel For Spares RFQ Report
            </summary>
            <returns></returns>
        </member>
        <member name="M:BOM.API.Controllers.Reports.Spares.SpareReportsController.ImportSparesRfqReportsExcel(BOM.Application.Request.Common.ImportData.ExcelImportRequest)">
            <summary>
            Import Spares | OVH | RPS RFQ Report Excel
            </summary>
            <param name="file"></param>
            <returns></returns>
        </member>
        <member name="T:BOM.API.Helpers.ConfigurationHelper.ThirdPartyApiSettings">
            <summary>
            
            </summary>
        </member>
        <member name="T:BOM.API.Helpers.ImportHelper.CsvHelperUtil">
            <summary>
            CSV Download Helper
            </summary>
        </member>
        <member name="M:BOM.API.Helpers.ImportHelper.CsvHelperUtil.GenerateSampleCsv``1">
            <summary>
            Generate Sample CSV
            </summary>
            <typeparam name="T"></typeparam>
            <returns></returns>
        </member>
        <member name="T:BOM.API.Helpers.ImportHelper.ExcelHelperUtil">
            <summary>
            Excel Helper Util
            </summary>
        </member>
        <member name="M:BOM.API.Helpers.ImportHelper.ExcelHelperUtil.GenerateSampleExcel``1">
            <summary>
            Generate Sample Excel
            </summary>
            <typeparam name="T"></typeparam>
            <returns></returns>
        </member>
    </members>
</doc>
